LayerID, Time (us),
0, 1.343193,
1, 3.0492079999999997,
2, 7.6089839999999995,
